<?xml version="1.0" encoding="UTF-8"?>
<project-private xmlns="http://www.netbeans.org/ns/project-private/1">
    <editor-bookmarks xmlns="http://www.netbeans.org/ns/editor-bookmarks/2" lastBookmarkId="0"/>
    <open-files xmlns="http://www.netbeans.org/ns/projectui-open-files/2">
        <group>
            <file>file:/C:/Users/Kousik/Documents/NetBeansProjects/ICTSERVICES-CSEB-GROUP10/src/com/mycompany/mavenproject5/hod.java</file>
            <file>file:/C:/Users/Kousik/Documents/NetBeansProjects/ICTSERVICES-CSEB-GROUP10/src/ICTSSERVICESImages/menu_rounded_24px.png</file>
            <file>file:/C:/Users/Kousik/Documents/NetBeansProjects/ICTSERVICES-CSEB-GROUP10/src/com/mycompany/mavenproject5/mainclass.java</file>
            <file>file:/C:/Users/Kousik/Documents/NetBeansProjects/ICTSERVICES-CSEB-GROUP10/src/ICTSSERVICESImages/refresh_80px.png</file>
            <file>file:/C:/Users/Kousik/Documents/NetBeansProjects/ICTSERVICES-CSEB-GROUP10/src/com/mycompany/mavenproject5/hodpanel.java</file>
            <file>file:/C:/Users/Kousik/Documents/NetBeansProjects/ICTSERVICES-CSEB-GROUP10/src/com/mycompany/mavenproject5/admin.java</file>
            <file>file:/C:/Users/Kousik/Documents/NetBeansProjects/ICTSERVICES-CSEB-GROUP10/src/com/mycompany/mavenproject5/hodDashboard.java</file>
            <file>file:/C:/Users/Kousik/Documents/NetBeansProjects/ICTSERVICES-CSEB-GROUP10/src/ICTSSERVICESImages/menu_40px.png</file>
            <file>file:/C:/Users/Kousik/Documents/NetBeansProjects/ICTSERVICES-CSEB-GROUP10/src/com/mycompany/mavenproject5/adminDashBoard.java</file>
        </group>
    </open-files>
</project-private>
